Wall time,Step,Value
1553000582.9042578,5,72.22016143798828
1553000979.013555,18,56.20038604736328
1553001161.2376246,24,-4.049256801605225
1553001186.9740891,40,9.927547454833984
1553001190.1661866,42,0.4321397840976715
1553001194.9762986,45,2.0942492485046387
1553001207.7215507,53,4.920159339904785
1553001212.6193955,56,-8.065869331359863
1553001237.1226707,71,-19.696895599365234
1553001242.1088088,74,25.59173011779785
1553001273.9478953,94,6.476459503173828
1553001286.736133,102,14.986654281616211
1553001292.983691,106,10.784261703491211
1553001324.9977481,126,3.5092005729675293
1553001345.9351156,139,-13.270780563354492
1553001371.2055554,155,-5.770684242248535
1553001374.61021,158,7.605961799621582
1553001390.082832,167,13.116951942443848
1553001406.6759107,178,22.732046127319336
1553001414.2009313,183,7.626156806945801
1553001417.1839595,185,7.763156890869141
1553001418.705591,186,-4.852844715118408
1553001424.7110481,190,7.890033721923828
1553001449.7260854,207,14.276224136352539
1553001482.6120243,229,12.567085266113281
1553001490.053786,234,2.860240936279297
1553001512.483195,249,15.311697959899902
1553001521.4334347,255,-9.364622116088867
1553001528.9673605,260,1.325634479522705
1553001539.452048,267,-5.528303146362305
1553001548.5152838,273,-3.445012092590332
1553001576.8636255,292,1.482221007347107
1553001600.7265882,308,9.615952491760254
1553001603.7112997,310,8.981893539428711
1553001615.7152073,318,12.396188735961914
1553001633.616449,330,8.2219877243042
1553001647.0417244,339,5.460042953491211
1553001659.062677,347,15.903478622436523
1553001682.893538,363,16.903118133544922
1553001688.8634708,367,7.563632011413574
1553001769.5543802,421,-3.0689468383789062
1553001771.0327227,422,4.300164222717285
1553001796.4020624,439,-3.4607086181640625
1553001800.963844,442,-14.837278366088867
1553001805.5981731,445,4.62937593460083
1553001828.7966454,460,-5.45751953125
1553001833.3007383,463,2.1519217491149902
1553001834.7880898,464,-11.02884292602539
1553001849.9308503,474,-4.935493469238281
1553001875.825061,491,2.2713425159454346
1553001878.815779,493,7.144894599914551
1553001937.1939185,514,-5.3029680252075195
1553001962.5780203,531,-15.011930465698242
1553001970.0729246,536,-2.5232765674591064
1553002010.3001695,563,8.53049373626709
1553002025.1917756,573,-3.7944862842559814
1553002034.3411894,579,-2.558238983154297
1553002037.5206008,581,-5.372129440307617
1553002045.3518445,586,1.690169095993042
1553002046.8393576,587,16.059261322021484
1553002069.9050503,602,7.3992919921875
1553002096.7945132,620,-2.3573496341705322
1553002099.7772758,622,-0.047184884548187256
1553002117.730627,634,-3.8711516857147217
1553002128.2132807,641,5.619767189025879
1553002129.7056658,642,-0.7525491714477539
1553002132.6594045,644,9.730426788330078
1553002137.1301234,647,1.9630496501922607
1553002140.1128335,649,11.209867477416992
1553002158.0341206,661,3.136312961578369
1553002172.992712,671,-2.08933162689209
1553002190.8999836,683,5.301956653594971
1553002198.3517547,688,-6.731485366821289
1553002237.1736073,714,-4.150574207305908
1553002243.171057,718,-1.0463905334472656
1553002249.1164594,722,5.81097412109375
1553002250.582792,723,19.947521209716797
1553002261.014271,730,2.614474296569824
1553002274.5842495,739,8.926509857177734
1553002280.7550468,743,-1.4099470376968384
1553002286.7886648,747,-1.2765284776687622
1553002294.2847905,752,-8.957452774047852
1553002300.2087297,756,4.794782638549805
1553002314.040733,765,-0.29427599906921387
1553002320.0846066,769,-6.862173080444336
1553002323.0773263,771,0.6269509792327881
1553002324.8589487,773,1.7872984409332275
1553002337.3358912,780,3.780660390853882
1553002344.6666043,785,4.357158184051514
1553002347.6052878,787,-6.835771560668945
1553002354.9275157,792,-0.601878821849823
1553002357.9162443,794,12.881806373596191
1553002363.8551655,798,13.257588386535645
1553002369.7364836,802,15.748544692993164
1553002378.6452577,808,-7.4451680183410645
1553002380.142024,809,7.760984897613525
1553002414.1956716,832,0.08156347274780273
1553002420.139581,836,-6.451387882232666
1553002468.9863777,869,-5.272821426391602
1553002479.2642941,876,13.805622100830078
1553002488.1779075,882,8.505598068237305
1553002509.4764562,896,3.5816235542297363
1553002515.5144181,900,6.398268699645996
1553002526.2799854,907,-3.67673659324646
1553002529.2692127,909,8.766674995422363
1553002538.1704168,915,5.509842872619629
1553002541.1001089,917,2.1840386390686035
1553002561.8155315,931,3.791079521179199
1553002563.269858,932,-0.1626979112625122
1553002578.140434,942,9.557023048400879
1553002582.612015,945,-12.4454345703125
1553002595.933695,954,2.7944488525390625
1553002601.8726609,958,12.330020904541016
1553002607.8400867,962,10.908926010131836
1553002621.1026623,971,0.9440231323242188
1553002622.5589857,972,2.184630870819092
1553002631.4641337,978,-5.740530014038086
1553002632.964497,979,4.316182613372803
1553002640.39527,984,-13.236052513122559
1553002658.1337068,996,-8.460845947265625
1553002693.5832942,1002,8.896591186523438
1553002698.0649369,1005,4.367281436920166
1553002711.4091043,1014,-1.3071482181549072
1553002727.7342608,1025,13.436004638671875
1553002755.8910766,1044,2.108478307723999
1553002775.250723,1057,-0.2537979185581207
1553002784.1337965,1063,-2.223844528198242
1553002788.5918508,1066,-5.002145290374756
1553002791.5685558,1068,-5.340188503265381
1553002797.5359461,1072,2.4754514694213867
1553002806.4867342,1078,-3.48397159576416
1553002813.893601,1083,-2.525721311569214
1553002828.73637,1093,7.35984468460083
1553002837.6491702,1099,2.1919972896575928
1553002845.0330265,1104,2.6761040687561035
1553002859.884065,1114,-2.381462574005127
1553002867.2032337,1119,10.863862991333008
1553002921.9519513,1156,9.856822967529297
1553002927.8483732,1160,1.3491231203079224
1553002929.3247147,1161,12.487325668334961
1553002930.8105774,1162,0.8854280710220337
1553002957.284385,1180,11.92091178894043
1553002975.1171443,1192,6.49367618560791
1553002976.5854785,1193,9.26013469696045
1553002985.5586638,1199,1.3211157321929932
1553002995.8509412,1206,6.626876354217529
1553003034.3792121,1232,5.258698463439941
1553003052.154418,1244,-1.3793444633483887
1553003068.3795176,1255,-6.356477737426758
1553003072.8536043,1258,3.5106313228607178
1553003077.3431904,1261,7.377199172973633
1553003106.9848228,1281,-1.2797248363494873
1553003115.8464062,1287,-4.972075462341309
1553003126.3830338,1294,11.5850248336792
1553003135.6754818,1300,12.939594268798828
1553003150.909843,1310,-1.708714485168457
1553003160.0141308,1316,9.079269409179688
1553003164.4636836,1319,4.579898357391357
1553003181.4417663,1330,17.682016372680664
1553003186.1745982,1333,1.9546005725860596
1553003190.6997132,1336,8.496501922607422
1553003192.1630435,1337,-0.0833730548620224
1553003263.55745,1385,-1.1439406871795654
1553003266.7793777,1388,-2.9103498458862305
1553003273.258375,1391,13.007026672363281
1553003274.7227054,1392,5.584315299987793
1553003307.4035316,1414,-4.551677703857422
1553003325.6456535,1426,-5.622189998626709
1553003328.7605445,1428,13.487195014953613
1553003334.874155,1432,-0.5567353367805481
1553003340.917163,1436,2.4123687744140625
1553003347.1353834,1440,8.270957946777344
1553003386.196166,1465,2.2128219604492188
1553003387.7515843,1466,4.349355220794678
1553003404.9862711,1477,-1.842867136001587
1553003416.9461846,1485,17.195154190063477
1553003422.9126108,1489,0.8003649711608887
1553003425.8222716,1491,7.986868858337402
1553003477.996095,1508,2.215834856033325
1553003500.2038817,1523,4.234539031982422
1553003506.1162827,1527,14.52352523803711
1553003543.4548187,1552,7.482236862182617
1553003567.1255949,1568,5.339343070983887
1553003568.5789163,1569,7.465540409088135
1553003590.9279342,1584,-5.7909626960754395
1553003596.8933651,1588,8.715639114379883
1553003620.7311108,1604,0.6088323593139648
1553003622.2354999,1605,5.03790807723999
1553003641.5951986,1618,6.7607245445251465
1553003654.9763792,1627,9.300806045532227
1553003662.4161677,1632,2.974310874938965
1553003670.1802468,1637,1.8623600006103516
1553003674.8895261,1640,3.8527610301971436
1553003682.7226481,1645,6.294956207275391
1553003687.3488657,1648,6.6374382972717285
1553003706.3121576,1660,10.54470443725586
1553003718.9092321,1668,3.279176950454712
1553003730.0247989,1675,-6.354113578796387
1553003740.9202151,1682,7.905874252319336
1553003754.5477839,1691,16.58285140991211
1553003760.6153188,1695,6.903417587280273
1553003762.101669,1696,9.521156311035156
1553003763.5775354,1697,-3.2027416229248047
1553003766.5823417,1699,-6.541625022888184
1553003771.0347593,1702,-5.657801628112793
1553003781.4159477,1709,-1.540820598602295
1553003794.6765306,1718,12.335391998291016
1553003809.4770112,1728,6.217507362365723
1553003815.3968992,1732,5.0175018310546875
1553003818.364596,1734,9.587015151977539
1553003822.8176756,1737,-0.8120681047439575
1553003830.202017,1742,1.157522201538086
1553003834.705266,1745,-5.132129192352295
1553003836.2331867,1746,7.564155101776123
1553003837.7045453,1747,-2.4752254486083984
1553003865.7144465,1766,2.7511661052703857
1553003879.181719,1775,-0.2673381567001343
1553003888.0650218,1781,11.586112976074219
1553003898.4547899,1788,-0.04706232249736786
1553003899.9431427,1789,7.286996841430664
1553003913.3066645,1798,7.070001602172852
1553003923.7406778,1805,12.226490020751953
1553003941.4658618,1817,0.1547667235136032
1553003954.7950146,1826,5.9893341064453125
1553003960.73547,1830,9.463029861450195
1553003975.6160548,1840,6.924156188964844
1553003981.549528,1844,11.731222152709961
1553003994.9193645,1853,2.2302405834198
1553004014.25387,1866,4.674272537231445
1553004018.7801082,1869,6.143433570861816
1553004027.7427723,1875,4.436628341674805
1553004030.7722352,1877,1.3043999671936035
1553004081.114736,1911,-5.626573085784912
1553004090.0344164,1917,-3.927621603012085
1553004115.4027898,1934,7.93733024597168
1553004118.4235764,1936,-6.347590923309326
1553004130.2688553,1944,7.440258026123047
1553004134.7118812,1947,15.369359016418457
1553004137.6745808,1949,1.1750984191894531
1553004164.364955,1967,-6.096654415130615
1553004185.3444686,1981,3.630432605743408
1553004188.468889,1983,-4.153470993041992
1553004222.0087614,2001,-9.08055305480957
1553004228.1568747,2005,1.6892067193984985
1553004240.5371585,2013,2.2306277751922607
1553004266.4813068,2030,-8.492241859436035
1553004276.0289829,2036,-8.684118270874023
1553004313.6081667,2060,-3.0455820560455322
1553004332.3039186,2072,7.735081672668457
1553004333.833338,2073,1.78938889503479
1553004338.4811208,2076,20.774494171142578
1553004340.0175183,2077,-6.259393692016602
1553004343.0572798,2079,8.843382835388184
1553004346.0760229,2081,-3.066801071166992
1553004352.1635547,2085,3.459164619445801
1553004358.3441715,2089,6.678564548492432
1553004365.8249688,2094,-4.818305969238281
1553004368.8156865,2096,12.696176528930664
1553004391.3281434,2111,-0.8982710838317871
1553004442.2894516,2145,-4.421468734741211
1553004448.2743993,2149,-7.275261878967285
1553004451.2791288,2151,3.9699721336364746
1553004458.7529213,2156,7.8328142166137695
1553004472.294731,2165,13.98391342163086
1553004490.2070076,2177,10.8997220993042
1553004505.1475847,2187,-0.09113709628582001
1553004508.134298,2189,15.966879844665527
1553004511.122013,2191,5.000732421875
1553004512.6073627,2192,7.23905611038208
1553004518.605814,2196,-3.5701756477355957
1553004523.0848837,2199,10.07653522491455
1553004535.173922,2207,-1.1852654218673706
1553004541.1454027,2211,5.3316192626953125
1553004562.1345956,2225,5.690483093261719
1553004571.135775,2231,-2.660245418548584
1553004578.6355894,2236,3.9976773262023926
1553004580.1659803,2237,4.744860649108887
1553004583.164705,2239,2.075399398803711
1553004587.6347668,2242,-0.12249995023012161
1553004590.6354942,2244,2.19358229637146
1553004593.6632447,2246,-3.8141069412231445
1553004595.1646092,2247,-1.9540621042251587
1553004605.6451328,2254,3.979240894317627
1553004610.145222,2257,10.099023818969727
1553004617.6070027,2262,2.711803436279297
1553004646.1100292,2281,16.75172996520996
1553004661.1647086,2291,7.894969463348389
1553004670.0828123,2297,-4.352664947509766
1553004679.0840657,2303,4.2787885665893555
1553004685.0810347,2307,10.470600128173828
1553004686.5754437,2308,4.033916473388672
1553004703.104493,2319,7.254315376281738
1553004704.6038554,2320,0.41212981939315796
1553004727.1033006,2335,10.69273853302002
1553004742.0458794,2345,-5.2448015213012695
1553004755.5821795,2354,6.349270820617676
1553004781.901095,2371,1.0205193758010864
1553004809.7864337,2389,3.992201328277588
1553004811.322831,2390,2.2213797569274902
1553004814.386614,2392,0.5968400835990906
1553004829.3432052,2402,-4.460795879364014
1553004835.3446808,2406,1.9150784015655518
1553004863.794407,2425,5.357048034667969
1553004880.255365,2436,1.2717114686965942
1553004892.2292457,2444,2.3392977714538574
1553004901.1973948,2450,8.563102722167969
1553004902.695757,2451,-2.475243091583252
1553004905.58338,2453,-1.0167337656021118
1553004908.614158,2455,1.114464521408081
1553004916.073936,2460,-6.587523937225342
1553004953.4541495,2485,4.11466646194458
1553004954.967525,2486,5.316112995147705
1553004969.9401298,2496,4.272663593292236
1553004972.968882,2498,12.57458782196045
1553005007.6144667,2503,5.554969787597656
1553005028.587525,2517,4.446400165557861
1553005037.523645,2523,-2.736586570739746
1553005047.9771442,2530,6.751397132873535
1553005050.9828753,2532,-0.37912607192993164
1553005073.3463895,2547,9.983083724975586
1553005079.3359656,2551,3.1253623962402344
1553005082.3056648,2553,6.873551368713379
1553005101.7268178,2566,8.634824752807617
1553005119.594054,2578,4.363821983337402
1553005137.738542,2590,7.76140022277832
1553005139.2429092,2591,2.1369237899780273
1553005140.7252557,2592,5.337904930114746
1553005152.684281,2600,7.202946662902832
1553005161.68446,2606,-2.176696538925171
1553005187.9443219,2623,11.402618408203125
1553005196.8934538,2629,5.461762428283691
1553005198.3808055,2630,6.731119632720947
1553005210.3847134,2638,4.335216522216797
1553005219.3758833,2644,-1.4891867637634277
1553005228.2949886,2650,8.628130912780762
1553005235.7467597,2655,4.344241142272949
1553005270.0561519,2678,6.951092720031738
1553005280.5471904,2685,6.985567569732666
1553005288.0460184,2690,10.031506538391113
1553005307.524705,2703,-1.2057085037231445
1553005318.1733816,2710,-10.494461059570312
1553005341.4785585,2725,0.7797009944915771
1553005359.3868318,2737,-4.170734405517578
1553005363.9039366,2740,2.482180118560791
1553005384.8521538,2754,10.044502258300781
1553005386.357522,2755,-6.798386573791504
1553005389.3552992,2757,8.885475158691406
1553005437.0581048,2789,6.249819755554199
1553005438.5654752,2790,3.1859943866729736
1553005440.0838544,2791,2.4468421936035156
1553005450.5343509,2798,-3.403646230697632
1553005466.9362552,2809,4.657516002655029
1553005489.174463,2824,8.224431037902832
1553005493.6455257,2827,1.0622642040252686
1553005496.645252,2829,6.930259704589844
1553005541.4036398,2859,5.906271934509277
1553005560.7756712,2872,5.860363006591797
1553005574.19712,2881,5.669386863708496
1553005587.5938847,2890,6.558642387390137
1553005596.6661286,2896,3.698941230773926
1553005602.6545706,2900,0.49172788858413696
1553005628.1557438,2917,-1.9844484329223633
1553005631.153467,2919,2.903761863708496
1553005632.636815,2920,7.80739688873291
1553005650.6386228,2932,19.939697265625
1553005678.0970805,2950,-4.410153865814209
1553005704.2918842,2967,5.986823081970215
1553005716.5750797,2975,7.875964641571045
1553005751.7968636,2998,5.712261199951172
1553005793.0358448,3007,6.3463239669799805
1553005796.0215578,3009,9.120155334472656
1553005799.010351,3011,-4.013237953186035
1553005804.999823,3015,2.5082077980041504
1553005806.5052178,3016,0.24281951785087585
1553005822.9763696,3027,10.647544860839844
1553005827.5134926,3030,-1.7755788564682007
1553005839.5054395,3038,1.5918846130371094
1553005844.0215435,3041,3.6663105487823486
1553005857.5158064,3050,7.515122413635254
1553005880.016252,3065,12.184196472167969
1553005886.0347204,3069,-2.790318012237549
1553005888.9884045,3071,-3.5561606884002686
1553005911.473846,3086,8.092550277709961
1553005930.95555,3099,6.803840637207031
1553005965.4741626,3122,10.015592575073242
1553005988.0037873,3137,5.162713527679443
1553005989.527224,3138,9.14338493347168
1553006000.0284142,3145,1.6975488662719727
1553006007.58428,3150,4.037859916687012
1553006015.2352333,3155,4.16571569442749
1553006021.4098432,3159,7.535706520080566
1553006024.5086591,3161,4.381003379821777
1553006049.1550574,3177,6.334879398345947
1553006076.5169184,3195,4.870933532714844
1553006078.0372999,3196,1.2756271362304688
1553006088.5668685,3203,4.805663108825684
1553006093.0249195,3206,2.672985076904297
1553006127.8005197,3230,-1.7741870880126953
1553006134.3734925,3233,2.579007387161255
1553006144.9130695,3240,-0.46646803617477417
1553006149.435179,3243,10.320545196533203
1553006150.9455512,3244,3.59792423248291
1553006153.9452782,3246,10.174195289611816
1553006155.4376333,3247,-7.26279354095459
1553006185.376056,3267,13.10179328918457
1553006192.8848794,3272,5.646335601806641
1553006206.708441,3281,4.731618881225586
1553006243.257201,3305,-3.52376127243042
1553006255.256104,3313,-2.50081729888916
1553006276.195132,3327,5.961333751678467
1553006277.6974964,3328,-6.06873083114624
1553006285.0982213,3333,7.862881660461426
1553006302.9934835,3345,-1.3052868843078613
1553006346.4010391,3374,9.258846282958984
1553006349.4147775,3376,-0.8526238799095154
1553006352.4255135,3378,-9.085182189941406
1553006364.3943899,3386,-3.127795457839966
1553006389.943702,3403,9.680007934570312
1553006397.4405143,3408,-0.413229763507843
1553006430.4261916,3430,-4.157681465148926
1553006434.9142692,3433,10.445388793945312
1553006442.3965666,3438,-3.3730831146240234
1553006452.9501562,3445,2.5415573120117188
1553006458.9446034,3449,3.7680695056915283
1553006461.8971105,3451,8.313940048217773
1553006470.9133043,3457,0.1194756031036377
1553006472.4166696,3458,0.529319167137146
1553006481.4458745,3464,-2.886765480041504
1553006491.9158974,3471,-5.505260467529297
1553006500.9471903,3477,2.6196341514587402
1553006505.4262598,3480,0.6476602554321289
1553006530.8353496,3497,2.2881836891174316
1553006575.8043182,3509,5.136425971984863
1553006580.2643704,3512,7.414041519165039
1553006590.8013928,3519,2.5438895225524902
1553006614.7031124,3535,5.297416687011719
1553006617.7348962,3537,3.9755141735076904
1553006626.7081573,3543,-2.096663475036621
1553006632.7126963,3547,-7.2007293701171875
1553006635.7354445,3549,11.515274047851562
1553006656.7158954,3563,3.8360157012939453
1553006682.2345903,3580,3.395801067352295
1553006712.2666037,3600,3.7877135276794434
1553006739.2647076,3618,6.43064022064209
1553006742.2634327,3620,-6.190330982208252
1553006745.2441416,3622,12.120963096618652
1553006749.7462327,3625,-0.4514845311641693
1553006754.2132914,3628,4.572359085083008
1553006779.6914442,3645,4.2238006591796875
1553006796.2015514,3656,4.558818340301514
1553006797.715927,3657,-2.6150851249694824
1553006817.2041872,3670,0.8053996562957764
1553006862.1451926,3700,9.925718307495117
1553006865.148922,3702,1.7677373886108398
1553006901.0045037,3726,3.847486972808838
1553006906.9649515,3730,-2.203709125518799
1553006909.9492323,3732,2.0359673500061035
1553006918.9314759,3738,-7.217275619506836
1553006923.4035742,3741,-1.3721709251403809
1553006926.3682697,3743,2.208405017852783
1553006939.8251002,3752,0.8525063991546631
1553006950.2365613,3759,-7.5779619216918945
1553006969.6683507,3772,2.492380380630493
1553006981.6037846,3780,8.92974853515625
1553007001.145542,3793,2.02547025680542
1553007004.1387703,3795,0.08672423660755157
1553007008.5848105,3798,9.634885787963867
1553007026.8203812,3810,10.868130683898926
1553007033.1731539,3814,7.279219150543213
1553007040.8791566,3819,-1.8226509094238281
1553007044.0720584,3821,4.047186374664307
1553007059.4320154,3831,2.6139144897460938
1553007065.528555,3835,-2.639505386352539
1553007111.1059859,3864,1.8754992485046387
1553007118.8752162,3869,5.8351640701293945
1553007129.4143631,3876,-1.9033379554748535
1553007166.8854127,3901,6.641523361206055
1553007168.3667583,3902,6.774474143981934
1553007180.3956902,3910,4.450385570526123
1553007195.394358,3920,-2.8082938194274902
1553007207.415322,3928,15.221402168273926
1553007217.9569013,3935,-0.41693106293678284
1553007223.9533498,3939,-4.559728622436523
1553007240.4760098,3950,-2.013401508331299
1553007249.4271693,3956,5.308386325836182
1553007258.424345,3962,-3.5974209308624268
1553007291.2411654,3984,2.126089096069336
1553007307.764688,3995,2.380563974380493
1553007342.1977623,4000,-10.811708450317383
1553007355.6770113,4009,-2.6071853637695312
1553007357.171369,4010,3.9321868419647217
1553007375.150707,4022,-0.993630051612854
1553007391.7437854,4033,4.7439751625061035
1553007396.2458763,4036,-8.665826797485352
1553007411.262521,4046,-4.697253227233887
1553007412.7467976,4047,0.5647476315498352
1553007414.2451909,4048,0.12294474244117737
1553007481.7064314,4093,4.010141372680664
1553007489.264299,4098,4.311358451843262
1553007490.747647,4099,9.852683067321777
1553007505.7662938,4109,1.2593612670898438
1553007615.2975588,4182,6.272367477416992
1553007632.2430558,4193,6.293658256530762
1553007633.7539728,4194,3.5671005249023438
1553007636.753794,4196,8.81196403503418
1553007639.7675815,4198,-1.2571853399276733
1553007644.3447416,4201,8.64112377166748
1553007645.853111,4202,7.75213098526001
1553007683.2770288,4227,4.50997257232666
1553007690.7858524,4232,6.273355484008789
1553007695.289945,4235,6.732134819030762
1553007707.3050005,4243,-0.6056756973266602
1553007723.791982,4254,0.5340595245361328
1553007737.1951034,4263,7.121364116668701
1553007741.6941924,4266,-2.4633560180664062
1553007743.164528,4267,-5.264524459838867
1553007765.6249375,4282,6.591801643371582
1553007789.593593,4298,7.315086364746094
1553007798.564745,4304,-0.9248265027999878
1553007804.5631957,4308,7.913285732269287
1553007818.0463457,4317,-0.011369653046131134
1553007821.0460715,4319,-2.595010757446289
1553007834.4862847,4328,-3.8295841217041016
1553007840.5047536,4332,0.4673658013343811
1553007849.5429673,4338,8.035520553588867
1553007856.9787233,4343,4.389440536499023
1553007895.925114,4369,3.066654682159424
1553007909.4143715,4378,0.18791502714157104
1553007931.8952096,4393,-5.018227577209473
1553007942.3568635,4400,2.238892078399658
1553007951.3963022,4406,5.961198329925537
1553007957.35334,4410,-3.249183177947998
1553007958.854726,4411,1.2049413919448853
1553007987.3596544,4430,1.6677173376083374
1553007988.8500087,4431,9.88823127746582
1553007991.8337197,4433,3.7774264812469482
1553008000.795864,4439,-3.4364986419677734
1553008046.4340687,4469,-5.583270072937012
1553008055.3992152,4475,4.912656784057617
1553008061.3946629,4479,-3.376058578491211
1553008065.8527148,4482,-3.2399988174438477
1553008077.8346019,4490,-0.7002438902854919
1553008080.8143094,4492,8.29815673828125
1553008133.2708175,4509,0.8975366353988647
1553008134.7741838,4510,-0.18517948687076569
1553008163.0048366,4529,3.10101056098938
1553008164.5172107,4530,-2.6873981952667236
1553008168.9565234,4533,-1.2342032194137573
1553008182.4157534,4542,3.6225945949554443
1553008194.3846302,4550,3.957808494567871
1553008197.3843558,4552,-0.19982075691223145
1553008198.8967297,4553,14.300283432006836
1553008221.2460341,4568,-0.16612973809242249
1553008236.20535,4578,-0.39311063289642334
1553008240.6789813,4581,1.1521100997924805
1553008257.2546709,4592,1.3039026260375977
1553008261.791372,4595,2.858626365661621
1553008264.9032,4597,5.939372539520264
1553008267.9405377,4599,7.645821571350098
1553008286.891932,4611,1.2691733837127686
1553008312.7444553,4628,-2.860269546508789
1553008335.6103406,4643,4.534544944763184
1553008344.8159955,4649,2.736125946044922
1553008355.3145354,4656,8.083965301513672
1553008367.286437,4664,4.1707539558410645
1553008373.3329792,4668,-2.9749717712402344
1553008383.8034945,4675,-1.7354185581207275
1553008385.2958498,4676,0.6728913187980652
1553008386.8062227,4677,2.2760071754455566
1553008401.7615666,4687,-1.0703749656677246
1553008440.5037713,4713,9.161233901977539e-05
1553008448.0796556,4718,1.306575059890747
1553008472.1223514,4734,8.623283386230469
1553008479.6051517,4739,6.087114334106445
1553008488.5469732,4745,-7.5513739585876465
1553008494.5374656,4749,1.4715192317962646
1553008496.03883,4750,-0.9431642293930054
1553008507.9332936,4758,7.713881969451904
1553008512.395374,4761,8.286544799804688
1553008513.8847275,4762,1.5060625076293945
1553008516.8844771,4764,-0.23219694197177887
1553008521.367151,4767,10.552431106567383
1553008534.8215013,4776,13.656752586364746
1553008540.854526,4780,1.3667285442352295
1553008546.8649874,4784,14.61104965209961
1553008551.3266726,4787,-1.4580228328704834
1553008552.8240333,4788,-4.324665069580078
1553008561.7941844,4794,2.2232718467712402
1553008570.793362,4800,-3.178898811340332
1553008573.801095,4802,2.3489813804626465
1553008578.291175,4805,9.050622940063477
1553008630.7154317,4840,2.6685633659362793
1553008648.6747513,4852,0.7435579299926758
1553008677.193171,4871,1.0502660274505615
1553008680.213916,4873,-3.1854076385498047
1553008704.1146343,4889,11.645740509033203
1553008708.6157246,4892,4.23650598526001
1553008711.6424747,4894,-2.146739959716797
1553008713.1238208,4895,4.0096540451049805
1553008741.593274,4914,-4.489499092102051
1553008777.608028,4938,-1.2767443656921387
1553008782.153158,4941,2.211245059967041
1553008802.0442328,4954,4.454334735870361
1553008814.453509,4962,4.48537540435791
1553008828.5212924,4971,1.1273295879364014
1553008833.186532,4974,7.102140426635742
1553008836.370425,4976,3.4124555587768555
1553008837.9198325,4977,3.4055914878845215
1553008859.638623,4991,1.1888232231140137
1553008871.7246902,4999,-0.5272901654243469
1553008931.6541283,5021,16.887859344482422
1553008940.470298,5027,7.181336879730225
1553008944.90338,5030,13.000752449035645
1553008955.3283753,5037,7.687937259674072
1553008974.6267262,5050,-6.31162691116333
1553008977.612491,5052,9.228248596191406
1553008979.0778224,5053,-3.858771800994873
1553008990.4658475,5060,1.0382180213928223
1553009017.710744,5078,-2.547152519226074
1553009053.3188026,5101,2.696018695831299
1553009061.3090637,5106,6.483842372894287
1553009062.9165251,5107,-1.9823565483093262
1553009092.1170435,5126,-5.312522888183594
1553009095.1127663,5128,9.042011260986328
1553009104.044882,5134,2.4681830406188965
1553009143.0537453,5160,8.98210620880127
1553009150.555562,5165,1.7677353620529175
1553009169.9594812,5178,1.5099201202392578
1553009175.875858,5182,0.8370213508605957
1553009202.7958047,5200,6.519851207733154
1553009214.770749,5208,3.8140554428100586
1553009249.0920508,5231,-1.5819892883300781
1553009253.579152,5234,0.7401555180549622
1553009255.0485115,5235,7.518492698669434
1553009261.0427642,5239,-3.8151822090148926
1553009262.5191061,5240,12.297099113464355
1553009268.5175564,5244,4.707330226898193
1553009301.4243684,5266,-5.606415748596191
1553009335.7436218,5289,-2.4866204261779785
1553009355.095855,5302,3.306093692779541
1553009379.0359497,5318,4.1211347579956055
1553009395.4449797,5329,0.9145328998565674
1553009419.3035367,5345,5.2134881019592285
1553009440.0467641,5359,0.043763816356658936
1553009441.52816,5360,7.647747039794922
1553009445.983814,5363,7.12677001953125
1553009471.3768127,5380,-1.4058187007904053
1553009477.334226,5384,11.363978385925293
1553009507.375549,5404,-0.4462687373161316
1553009510.3752747,5406,15.822334289550781
1553009531.3733556,5420,2.604374885559082
1553009538.8642163,5425,4.690006256103516
1553009559.8123596,5439,2.8447980880737305
1553009561.2866993,5440,-1.1834485530853271
1553009564.283422,5442,9.298912048339844
1553009571.7838638,5447,0.18850311636924744
1553009613.834074,5475,-4.372866630554199
1553009627.3764546,5484,5.706125736236572
1553009637.834958,5491,3.7318053245544434
1553009643.8043826,5495,2.4704623222351074
1553009679.7277622,5501,7.629294395446777
1553009688.6919081,5507,-2.455638885498047
1553009696.2088156,5512,-1.0087904930114746
1553009700.7250247,5515,0.5915215611457825
1553009703.7127395,5517,7.177761554718018
1553009726.125106,5532,5.852473258972168
1553009739.6253731,5541,-7.748101234436035
1553009751.5762331,5549,-8.856609344482422
1553009777.0756269,5566,-0.21637995541095734
1553009784.6054692,5571,2.6454615592956543
1553009787.5751674,5573,2.3220643997192383
1553009805.5925407,5585,2.303163766860962
1553009808.5752501,5587,10.52564811706543
1553009817.5639942,5593,1.302748203277588
1553009835.5494843,5605,2.0694799423217773
1553009843.093366,5610,8.968358039855957
1553009858.0949976,5620,-2.339358329772949
1553009872.9555013,5630,10.823471069335938
1553009898.355617,5647,-0.6535763740539551
1553009914.7460837,5658,-4.63798713684082
1553009917.775467,5660,-3.9914257526397705
1553009923.768959,5664,-1.0887759923934937
1553009942.5190182,5676,-0.31039538979530334
1553009946.9361708,5679,4.9891862869262695
1553010008.2365854,5720,4.848180294036865
1553010012.7256649,5723,5.736814022064209
1553010018.7261171,5727,0.06707404553890228
1553010039.6051776,5741,1.009354591369629
1553010056.0767324,5752,5.467512607574463
1553010066.5329733,5759,3.870344877243042
1553010077.004206,5766,7.241101264953613
1553010091.946784,5776,-3.7293663024902344
1553010096.4268548,5779,1.3388161659240723
1553010103.8836308,5784,0.008844375610351562
1553010111.3845491,5789,11.165760040283203
1553010120.3617015,5795,9.397005081176758
1553010138.2649534,5807,5.690406799316406
1553010139.7458162,5808,-0.8970189690589905
1553010165.1108704,5825,9.579204559326172
1553010169.5339384,5828,11.002814292907715
1553010179.9763787,5835,6.821319580078125
1553010197.9773004,5847,-2.002873420715332
1553010220.3146741,5862,2.015176773071289
1553010223.3144,5864,3.3803374767303467
1553010233.6648054,5871,-4.057974338531494
1553010248.6044638,5881,-2.618720531463623
1553010260.5003967,5889,13.647687911987305
1553010263.431568,5891,-1.548746943473816
1553010273.8059952,5898,-2.7477259635925293
1553010287.2822413,5907,4.351960182189941
1553010302.137753,5917,6.517271041870117
1553010303.598067,5918,2.7101025581359863
1553010318.5946274,5928,-2.8463568687438965
1553010324.624106,5932,0.9205566644668579
1553010326.1214669,5933,-0.17779693007469177
1553010354.5171402,5952,11.392654418945312
1553010362.004669,5957,3.605708599090576
1553010364.9913702,5959,5.534265995025635
1553010370.9848156,5963,3.9122605323791504
1553010384.478077,5972,0.5734128355979919
1553010411.142762,5990,-5.817913055419922
1553010468.0300958,6010,-3.6258254051208496
1553010475.4348245,6015,-9.965864181518555
1553010488.6688502,6024,-0.02507256716489792
1553010497.643059,6030,9.705835342407227
1553010499.1084046,6031,-8.289693832397461
1553010500.5857472,6032,-3.676572322845459
1553010505.045801,6035,3.6651244163513184
1553010509.4998477,6038,7.540529251098633
1553010542.3076599,6060,1.786958932876587
1553010567.8059108,6077,-4.380086898803711
1553010569.2872841,6078,-2.55556058883667
1553010575.264251,6082,11.517242431640625
1553010582.6930022,6087,0.2527344226837158
1553010593.1044621,6094,2.373260974884033
1553010606.5787063,6103,-1.3015629053115845
1553010609.5594149,6105,1.671057939529419
1553010624.5049956,6115,-0.9218912124633789
1553010633.4781494,6121,2.6300318241119385
1553010636.4858835,6123,1.7987415790557861
1553010645.4710479,6129,4.137351036071777
1553010648.5319006,6131,0.4444890022277832
1553010651.5802095,6133,4.655920505523682
1553010670.2627797,6145,4.520921230316162
1553010673.3876202,6147,1.2666043043136597
1553010676.5144603,6149,6.7847089767456055
1553010712.0817804,6172,-5.853458881378174
1553010725.890937,6181,1.6105163097381592
1553010730.3840199,6184,-7.794169902801514
1553010755.352843,6200,5.001544952392578
1553010770.8494337,6210,8.324289321899414
1553010772.3558016,6211,0.8464173078536987
1553010775.356528,6213,4.363564491271973
1553010784.671993,6219,3.0584821701049805
1553010793.67017,6225,-5.4331865310668945
1553010804.3602712,6232,-1.8234608173370361
1553010812.1909115,6237,9.500127792358398
1553010823.0507798,6244,0.8988935947418213
1553010832.2461357,6250,5.9822893142700195
1553010851.6963177,6263,-2.2015552520751953
1553010891.5356843,6289,9.798440933227539
1553010921.4868999,6309,0.8707343339920044
1553010925.974979,6312,2.8072426319122314
1553010931.98544,6316,9.653804779052734
1553010933.4858034,6317,-0.8059743642807007
1553010943.9182832,6324,2.6009347438812256
1553010969.4165585,6341,13.290661811828613
1553010985.9265888,6352,-10.155996322631836
1553011002.397555,6363,5.9425787925720215
1553011012.8950942,6370,-2.4898602962493896
1553011021.9253006,6376,6.966110706329346
1553011057.9866436,6400,-0.9949955344200134
1553011128.474415,6447,1.0296202898025513
1553011140.4856174,6455,-2.358755111694336
1553011146.5382543,6459,15.512036323547363
1553011165.9539227,6472,1.3443350791931152
1553011182.463243,6483,0.06893151253461838
1553011188.3986647,6487,-0.22201934456825256
1553011200.3054934,6495,13.677919387817383
1553011201.7910843,6496,4.9936676025390625
1553011234.6154902,6500,7.139927387237549
1553011248.2048392,6509,-1.2427449226379395
1553011249.7052023,6510,9.697810173034668
1553011264.5937316,6520,3.118687391281128
1553011266.0850863,6521,6.201868534088135
1553011267.586451,6522,2.3273825645446777
1553011279.554434,6530,0.4764658212661743
1553011285.4658065,6534,11.134361267089844
1553011309.4345863,6550,-0.7939122319221497
1553011345.3572288,6574,-1.5068681240081787
1553011351.362686,6578,14.418025016784668
1553011354.3423936,6580,-1.4421509504318237
1553011355.8287444,6581,3.0052523612976074
1553011360.3228285,6584,-9.876471519470215
1553011373.7561193,6593,5.422719955444336
1553011375.255482,6594,2.597822666168213
1553011388.7974644,6603,-2.1680285930633545
1553011393.2666612,6606,7.40814208984375
1553011408.2459702,6616,-3.5051400661468506
1553011415.7347744,6621,2.5042409896850586
1553011469.736754,6657,2.2681498527526855
1553011483.1671574,6666,-0.8945177793502808
1553011486.1380217,6668,-1.8822596073150635
1553011492.1466393,6672,1.4308613538742065
1553011501.146945,6678,1.1555737257003784
1553011505.6021683,6681,9.975217819213867
1553011516.1443408,6688,1.053369164466858
1553011520.631497,6691,-4.372166633605957
1553011528.191522,6696,4.089783191680908
1553011532.6866062,6699,1.7470440864562988
1553011544.6775026,6707,-7.904023170471191
1553011550.7259986,6711,0.754655659198761
1553011556.725451,6715,1.2489454746246338
1553011571.7671187,6725,-2.102278709411621
1553011573.2594764,6726,1.7497727870941162
1553011591.2258005,6738,-2.2006163597106934
1553011597.2572813,6742,3.319268226623535
1553011607.7358356,6749,-0.6842074990272522
1553011613.7269354,6753,0.20872429013252258
1553011630.2045069,6764,-0.33208706974983215
1553011648.242898,6776,-0.3417321443557739
1553011672.2647266,6792,0.3978217840194702
1553011709.764227,6817,5.916984558105469
1553011732.2052493,6832,5.851705551147461
1553011744.2569768,6840,9.975576400756836
1553011753.2057016,6846,5.852486610412598
1553011759.254198,6850,11.281915664672852
1553011765.2546506,6854,-0.9579653739929199
1553011777.2365386,6862,3.3178248405456543
1553011786.1666532,6868,-6.051921844482422
1553011787.6660154,6869,6.240131378173828
1553011813.1471703,6886,2.7575435638427734
1553011826.6311002,6895,-0.7257938981056213
1553011834.382264,6901,-2.586256742477417
1553011848.4771369,6909,-6.390350341796875
1553011852.9742231,6912,0.18389132618904114
1553011858.98479,6916,4.364320278167725
1553011885.9175525,6934,3.0199978351593018
1553011890.3665953,6937,1.0872029066085815
1553011911.2761974,6951,-3.5085463523864746
1553011917.2402194,6955,-0.8061144948005676
1553011929.2779007,6963,-3.4726908206939697
1553011933.7419567,6966,6.910179615020752
1553011942.7337325,6972,4.762203693389893
1553011969.6762154,6990,1.2953709363937378
1553011972.6579244,6992,5.892332553863525
1553012026.6868088,7010,-4.36381721496582
1553012032.6842587,7014,1.0583076477050781
1553012037.1543205,7017,-2.0589752197265625
1553012059.6046824,7032,7.250515937805176
1553012064.1167827,7035,4.660066604614258
1553012070.0872903,7039,2.3008124828338623
1553012080.6268675,7046,-6.94265604019165
1553012100.1456048,7059,-6.729945659637451
1553012109.1858194,7065,9.484046936035156
1553012130.2049193,7079,2.476818323135376
1553012148.2963583,7091,3.737544298171997
1553012158.8059082,7098,-0.7361346483230591
1553012170.806902,7106,2.4181177616119385
1553012182.925423,7114,1.7021875381469727
1553012184.445804,7115,-1.0534377098083496
1553012191.930606,7120,0.03839629888534546
1553012197.9460719,7124,-0.5513210892677307
1553012217.332688,7137,3.1957688331604004
1553012223.3671715,7141,2.134816884994507
1553012244.3962812,7155,6.03822135925293
1553012262.3255725,7167,-1.5110461711883545
1553012263.825936,7168,-4.8269453048706055
1553012274.3646266,7175,1.185539960861206
1553012286.4519687,7183,10.934471130371094
1553012295.7114677,7189,1.7378053665161133
1553012305.1320243,7195,2.8284199237823486
1553012315.7877078,7202,5.926138401031494
1553012318.8735113,7204,2.8198649883270264
1553012332.578965,7213,9.68001937866211
1553012335.588701,7215,4.709294319152832
1553012337.0860608,7216,6.704888820648193
1553012365.7651212,7235,6.248495101928711
1553012370.2461936,7238,4.402322769165039
1553012383.7354512,7247,-3.5575599670410156
1553012403.1861255,7260,-0.4647749662399292
1553012419.6878078,7271,2.1419544219970703
1553012424.2159207,7274,-2.593179941177368
1553012439.2055416,7284,10.701448440551758
1553012463.23838,7300,3.860200881958008
1553012479.7093468,7311,2.967337131500244
1553012506.6769645,7329,5.370713233947754
1553012521.6472507,7339,3.430689811706543
1553012523.1516178,7340,2.726126194000244
1553012530.6549425,7345,9.139490127563477
1553012532.134287,7346,7.339221477508545
1553012542.6258206,7353,-2.4677681922912598
1553012548.6873283,7357,-5.934787273406982
1553012550.1766818,7358,8.504852294921875
1553012551.675043,7359,7.41656494140625
1553012574.5948703,7374,-9.43730640411377
1553012585.1244385,7381,-2.7559401988983154
1553012586.6248019,7382,2.9081664085388184
1553012592.6052368,7386,2.1834349632263184
1553012595.6249804,7388,8.076939582824707
1553012609.125248,7397,3.736199140548706
1553012615.1066828,7401,6.77785587310791
1553012619.5937605,7404,5.958100318908691
1553012658.4767127,7430,6.080354690551758
1553012659.986084,7431,3.809001922607422
1553012673.4583266,7440,5.595608234405518
1553012677.9724286,7443,-2.9008796215057373
1553012683.9848921,7447,-0.23550722002983093
1553012688.5039988,7450,-5.169045448303223
1553012703.5066314,7460,-3.95538330078125
1553012704.9879775,7461,-3.3559837341308594
1553012706.4623172,7462,7.589129447937012
1553012707.946666,7463,-1.8554723262786865
1553012715.4164536,7468,-0.18957313895225525
1553012724.4149835,7474,-5.351049423217773
1553012730.4743829,7478,-0.27804672718048096
1553012733.5361655,7480,4.755317687988281
1553012757.626101,7496,2.3493313789367676
1553012790.116235,7502,6.742947578430176
1553012791.5955791,7503,-0.6182860732078552
1553012803.6235082,7511,-0.42082783579826355
1553012812.5916574,7517,-2.454934597015381
1553012832.20448,7530,1.9593639373779297
1553012842.656978,7537,0.03282283991575241
1553012857.6556337,7547,6.04388427734375
1553012884.5268312,7565,3.5249297618865967
1553012896.5547607,7573,4.505034446716309
1553012931.115677,7596,-5.4223504066467285
1553012941.6133854,7603,1.1116085052490234
1553012950.5981555,7609,6.720260143280029
1553012955.0902374,7612,0.2615863084793091
1553013001.5879982,7643,0.4084666967391968
1553013003.118389,7644,1.2750718593597412
1553013027.1181974,7660,-0.3757317066192627
1553013028.6165583,7661,6.656859397888184
1553013043.6552243,7671,10.060592651367188
1553013048.1162782,7674,1.2563848495483398
1553013051.095986,7676,3.997816324234009
1553013067.585919,7687,5.306036949157715
1553013076.585096,7693,1.5851072072982788
1553013081.093192,7696,-0.43981966376304626
1553013087.0576127,7700,-0.8618175387382507
1553013111.095056,7716,3.5732502937316895
1553013114.0827703,7718,-0.8003004789352417
1553013115.5761282,7719,5.719254493713379
1553013121.612613,7723,8.487068176269531
1553013126.0976887,7726,6.161409378051758
1553013129.123438,7728,2.8841090202331543
1553013150.1256323,7742,-3.2846336364746094
1553013156.1221075,7746,-3.7215442657470703
1553013172.67615,7757,-4.971303939819336
1553013177.1902525,7760,-3.2255067825317383
1553013207.0344827,7780,8.558489799499512
1553013219.0345333,7788,7.210643291473389
1553013233.9478877,7798,0.5175358057022095
1553013235.445235,7799,-2.2283384799957275
1553013251.827186,7810,1.4324181079864502
1553013286.2662013,7833,-5.25236701965332
1553013293.8240688,7838,-2.062368392944336
1553013319.753631,7855,-4.189139366149902
1553013354.4859152,7878,-5.195329666137695
1553013357.475632,7880,8.514396667480469
1553013385.586978,7899,6.319394588470459
1553013387.060317,7900,-0.6988577246665955
1553013393.0287287,7904,6.903911113739014
1553013398.892093,7908,9.286230087280273
1553013425.6169817,7926,1.8033727407455444
1553013434.4650214,7932,1.2137898206710815
1553013435.9874058,7933,1.1888456344604492
1553013498.6855593,7975,4.399131774902344
1553013510.5624223,7983,2.12813663482666
1553013522.4762876,7991,-1.4284440279006958
1553013524.0167005,7992,2.1384975910186768
1553013576.8358784,8009,-3.4997639656066895
1553013588.9871712,8017,-1.7881152629852295
1553013596.6231427,8022,10.070991516113281
1553013602.6061654,8026,5.779055595397949
1553013618.8287094,8037,0.05783987045288086
1553013636.7448602,8049,1.0230331420898438
1553013641.157376,8052,3.655916690826416
1553013644.1566865,8054,0.7804783582687378
1553013650.1186554,8058,-0.24272054433822632
1553013662.1748078,8066,5.853141784667969
1553013720.3040407,8105,1.229858160018921
1553013747.905756,8123,-1.1629010438919067
1553013752.3077962,8126,3.5418810844421387
1553013761.1894019,8132,9.766172409057617
1553013762.663744,8133,-5.242402076721191
1553013765.666509,8135,0.4779975712299347
1553013788.1043828,8150,-4.811331748962402
1553013798.4328845,8157,3.392627239227295
1553013832.401335,8180,3.809465169906616
1553013835.3760428,8182,-3.8426499366760254
1553013838.3155842,8184,3.7460172176361084
1553013854.5751572,8195,2.3705873489379883
1553013859.0502243,8198,2.328115701675415
1553013884.5208023,8215,1.7920985221862793
1553013893.6430953,8221,3.98124361038208
1553013913.4592402,8234,-2.081676483154297
1553013925.7023802,8242,-0.8365699648857117
